"sender email","subject header","body"
"alice.vance@example.com","Rescheduling My Upcoming Acupuncture Session to July 21st Afternoon","I need to modify my active appointment on your digital calendar. I am no longer able to attend my session on Monday morning. Can we move my appointment to Tuesday, July twenty-first at three? I want to ensure my weekly recovery momentum stays entirely on track.

Please let me know if Dr. Huy has availability then. If that slot is full, I can also do Thursday. Thank you for your flexibility regarding these sudden administrative adjustments. I look forward to receiving your scheduling confirmation email very soon."
"alice.vance@example.com","Booking Confirmation Inquiry for New Treatment Block Starting July 24th","I would like to book four consecutive weekly therapy appointments ahead. I want my new treatment block to begin on July twenty-fourth. Ideally, a Friday morning slot at ten am works best here. This timing allows me to manage my symptoms right before weekends.

Please verify if this recurring schedule fits into your active system. I have already updated my primary insurance card profile details last week. Let me know if any other paperwork is required before then. Dr. Huy's treatment has been incredibly effective for my wellness journey."
"alice.vance@example.com","Urgent Appointment Request for Acute Migraine Assessment on July 20th","I am experiencing a severe flare up of migraine symptoms today. I need to see Dr. Huy for an emergency session. Do you have any open slots on Monday, July twentieth? I am willing to come in at any time available.

The intense pain is significantly affecting my ability to perform work. Please reply as soon as you review this scheduling message today. I will bring my updated medical log directly to the clinic. Thank you for assisting me with this urgent healthcare request immediately."
"alice.vance@example.com","Follow Up Session Scheduling Coordination for July 28th Visit","I am looking ahead to coordinate my therapeutic appointments for next week. I would like to lock in Tuesday, July twenty-eighth. A morning slot around nine or ten am would be perfect. I want to continue working on my lower back alignment issues.

My symptoms have improved remarkably over the last two treatment sessions. Please check your system ledger to see if this is possible. I will process my standard copay automatically using the card stored. See you all soon for my next structured treatment appointment."
"bob.miller@example.com","Scheduling Request for Shoulder Injury Re Evaluation on July 22nd","I need to arrange a specific follow up appointment next week. I would like Dr. Huy to evaluate my shoulder mobility. Is Wednesday, July twenty-second at two pm open for booking? I want to measure my functional progress since our last session.

The localized inflammation has decreased significantly over the past ten days. I am eager to adjust my physical therapy exercises based on advice. Please confirm if this specific calendar date works for your office. Thank you for your continued support throughout my rehabilitation protocol timeline."
"bob.miller@example.com","Booking New Appointment for Knee Pain Management on July 27th","I want to schedule my fifth acupuncture session very soon. Can we book Monday, July twenty-seventh at eleven am sharp? I noticed some joint stiffness returning due to the recent weather. Regular treatments seem to keep the arthritic discomfort completely under control.

Let me know if I need to fill out forms. My insurance profile details should remain exactly the same as before. I will check in at the front desk ten minutes early. Have a wonderful weekend and I will see you all then."
"bob.miller@example.com","Urgent Schedule Change for Scheduled Session on July 23rd Afternoon","An unexpected work commitment has disrupted my personal calendar for next week. I need to cancel my appointment on Thursday, July twenty-third. Can we reschedule this exact session to Friday morning instead? I am free anytime between eight am and noon on July twenty-fourth.

I apologize for any operational inconvenience this changes causes your team. Please check the master directory and let me know what works. It is vital that I do not skip a week of care. Thank you for your patient help with adjusting my appointment cards."
"bob.miller@example.com","Inquiry Regarding Clinic Holiday Hours and Scheduling Around July 31st","I am planning my wellness appointments for the end of July. I want to book a session for Friday, July thirty-first. Are your standard office hours modified for the upcoming weekend at all? I want to ensure I secure an appropriate appointment time frame.

If that date is unavailable, I can do August third instead. Please guide me on the best path forward for secure scheduling. Dr. Huy's therapeutic treatments remain a top priority for me. I appreciate your quick feedback regarding these end of month dates."
"charlie.davis@example.com","Request to Book Next Digestive Health Therapy on July 23rd","I am writing to schedule my next acupuncture treatment session online. I would like to reserve Thursday, July twenty-third at four. This specific time slot worked perfectly for my personal calendar before. My digestive tract health has remained remarkably stable over the week.

I want to maintain this positive trend with consistent clinical care. Please confirm if Dr. Huy is available at that hour. I will settle any outstanding balances using my Discover card saved. Thank you for providing such an efficient booking experience for patients."
"charlie.davis@example.com","Wrist Injury Urgent Intake Session Scheduling for July 20th Morning","I recently strained my right wrist joint while working yesterday afternoon. The localized pain is preventing me from typing on my computer. I need to schedule an urgent intake appointment this coming Monday. Is July twentieth at nine am available for a new consultation?

I want Dr. Huy to evaluate the tendon inflammation immediately. Please send over the digital intake paperwork link as soon as possible. I will complete all forms online before arriving at the clinic. Thank you for assisting me with this sudden injury scheduling request."
"charlie.davis@example.com","Adjusting Treatment Appointment Calendar Date to Tuesday July 21st Today","I need to make a quick adjustment to my scheduling files. My current appointment is logged for Wednesday but I cannot attend. Can we move my entire session up to Tuesday, July twenty-first? I am completely open any time during the morning hours ahead.

I want to make sure my treatment sequence remains fully uninterrupted. Please let me know if this adjustment is acceptable for Dr. Huy. I will look out for an updated confirmation message via email. Thanks for handling this administrative scheduling detail for me today."
"charlie.davis@example.com","Booking Confirmation for Post Travel Recovery Session on July 29th","I am returning from an international business trip late next week. The long flights always cause my chronic fatigue symptoms to worsen. I want to proactively book an appointment for Wednesday, July twenty-ninth. Can we schedule a restoration session at two o'clock afternoon?

This therapy will help rebalance my energy levels after traveling far. Please verify that this calendar block is successfully saved in database. My contact details and billing address have not changed since June. Thank you for your exceptional care and see you very soon."
"diana.textor@example.com","Sciatica Treatment Scheduling Request for Wednesday July 22nd Session","I am writing to coordinate my next targeted nerve therapy. I would like to book an appointment for July twenty-second. Is Wednesday afternoon at one o'clock open on your calendar? The radiating leg pain requires another focused session with Dr. Huy.

I have been doing the prescribed home stretches every single day. The overall symptom severity has decreased since my visit last Thursday. Please let me know if this slot is secured in system. Thank you for helping me navigate this complex recovery process smoothly."
"diana.textor@example.com","Rescheduling Sinus Therapy Session to Thursday July 30th Morning","I have an unavoidable conflict with my appointment next week Tuesday. I need to move my sinus treatment session to later days. Is Thursday, July thirtieth at ten am a valid option? I want to ensure my facial pressure issues are addressed properly.

Your previous acupuncture needle selections worked absolute wonders for my allergies. I want to maintain this clear breathing baseline through structured care. Please modify my reservation data inside your scheduling interface software tool. I appreciate your kind understanding regarding this late schedule modification request."
"diana.textor@example.com","Booking Intake Session for Holistic Pain Management on July 24th","I would like to establish a formal patient profile today. I want to book an initial intake appointment next Friday morning. Is July twenty-fourth at eleven am open for new patients? I am seeking natural solutions for chronic menstrual cramp discomfort.

My primary doctor highly recommended Dr. Huy for pain management. Please email me the required documentation and clinical health histories beforehand. I will bring my insurance validation card directly to office files. Thank you for your assistance with setting up this session."
"claims@abc-insurancecorp.com","Mandatory Prior Authorization Deadline for Patient Alice Vance - July 24th","This notice requires immediate action from your administrative billing department. The temporary authorization for patient Alice Vance expires on July twenty-fourth. To prevent a lapse in coverage, you must submit forms. Dr. Huy must certify the continuing medical necessity of care.

All supporting clinical notes must be uploaded prior to this date. Failure to submit documents by July twenty-fourth results in denials. Please reference active policy tracker number AI-nine-eight-seven on top. Contact our utilization review team if you need extensions immediately."
"claims@abc-insurancecorp.com","Urgent Action Required: Missing Clinical Diagnostic Forms Due July 22nd","We are currently auditing open claims for patient Bob Miller. Our records show missing diagnostic codes for his active shoulder treatments. You must submit the primary assessment charts by July twenty-second. This data is critical to clear pending provider reimbursement files.

If files are not received by July twenty-second, claims close. Dr. Huy's signature must be present on every page submitted. Please upload the requested documentation directly into our corporate medical network. We appreciate your prompt attention to this mandatory audit compliance requirement."
"claims@abc-insurancecorp.com","Denial Notification Appeal Submission Deadline for Charlie Davis - July 28th","ABC Insurance Corp has issued an initial claim denial decision. The affected services cover Charlie Davis's appointments from early June files. Your clinic has until Tuesday, July twenty-eighth to appeal. A formal written statement from the physician is explicitly required here.

Please detail the clinical rationale for executing advanced digestive therapies. If the appeal is not generated by July twenty-eighth, decisions stand. Reference member number CD-seven-seven-one on all submitted correspondence sheets. Thank you for your compliance regarding these formal legal insurance timelines."
"claims@abc-insurancecorp.com","Required Policy Verification Audit for Diana Textor - Action by July 25th","We are conducting an eligibility verification review for Diana Textor. Her active policy number DT-one-one-nine requires additional verification details. Please confirm her current residential billing address via portal by July twenty-fifth. This action is necessary to process all upcoming acupuncture claims smoothly.

Unverified accounts will face immediate billing suspensions after July twenty-fifth. Please ensure your clinic records align perfectly with our customer data. You can upload a copy of her signed client intake form. Thank you for cooperating with our standard network maintenance procedures."
"claims@abc-insurancecorp.com","Correction Deadline: Amending Incomplete Provider Tax ID Info - July 23rd","Our clearinghouse has flagged multiple clinic claims with incorrect identifiers. The documents submitted for Alice Vance contain an incomplete provider number. You must submit an amended claim form by July twenty-third. This correction ensures proper processing of your network facility payments.

Delayed submissions past July twenty-third will incur administrative processing fines. Please update Dr. Huy's national provider details inside your portal settings. Ensure all future electronic transmissions utilize this verified structural layout data. Contact our technical support helpline if you experience network errors today."
"claims@abc-insurancecorp.com","Urgent Request for Patient Progress Summaries Due by July 27th","This is an official request for patient medical history logs. We require treatment progress summaries for covered client Bob Miller today. The documents must be reviewed by our board by July twenty-seventh. We need to evaluate his ongoing response to acupuncture needle stimulation.

Please ensure Dr. Huy outlines explicit range of motion improvements clearly. Failure to transmit summaries by July twenty-seventh results in coverage suspension. You can utilize our secure document drop box for fast delivery. Thank you for helping us maintain accurate clinical efficacy records safely."
"claims@abc-insurancecorp.com","Coordination of Benefits Form Missing for Charlie Davis - July 24th","We require a completed coordination of benefits form for processing. Patient Charlie Davis has secondary insurance tracking recorded on his profile. This documentation must be updated online on or before July twenty-fourth. We cannot resolve outstanding June claims without this critical insurance data.

If the form is missing after July twenty-fourth, liability reverts. The patient will become directly responsible for all outstanding clinic fees. Please notify the client to update his account portal access quickly. We appreciate your cooperation in resolving this secondary coverage matter promptly."
"claims@abc-insurancecorp.com","Independent Medical Review Scheduling Confirmation Deadline - Action by July 21st","An independent medical review has been requested for pending file items. The review concerns extended sciatica care protocols for patient Diana Textor. Your clinic must confirm Dr. Huy's availability by July twenty-first. We need to select an appropriate date for the consultation call.

If confirmation is not received by July twenty-first, we proceed. The review panel will make a final determination using existing files. Please reply directly to this email with three open morning slots. Thank you for your time and attention to this high priority case."
"claims@abc-insurancecorp.com","Mandatory Signature Attestation Statement Required Online by July 29th","Our compliance department requires a formal signature attestation document today. Dr. Huy must electronically sign the updated provider network agreement form. This mandatory update must be completed online by July twenty-ninth. This ensures your acupuncture clinic maintains its active in network standing.

Accounts without signed attestations on July twenty-ninth face system removal. Avoid out of network billing penalties by completing this task early. The digital document is accessible inside your primary admin dashboard terminal. Thank you for your immediate action to satisfy this regulatory mandate."
"claims@abc-insurancecorp.com","Final Notice: Outstanding Medical Invoice Review Deadline - July 31st","This is the final administrative notice regarding old pending invoices. The acupuncture treatment claims submitted for Alice Vance require final adjudication. Your office must submit the original clinical intake sheets by July thirty-first. This represents the absolute final extension date for this review block.

Claims remaining unsupported after July thirty-first will be permanently closed. No further electronic appeals or payment reevaluations will be permitted. Please ensure policy tracking number AI-nine-eight-seven is written on files. Thank you for your final cooperation in concluding this billing matter."
